{"cameraMode":{"drawMode":0,"name":"Shaded","section":"Shading Mode"},"sceneLighting":true,"audioPlay":false,"sceneViewState":{"m_AlwaysRefresh":false,"showFog":true,"showSkybox":true,"showFlares":true,"showImageEffects":true,"showParticleSystems":true,"showVisualEffectGraphs":true,"m_FxEnabled":true},"in2DMode":false,"pivot":{"x":137.30828857421876,"y":-705.1943969726563,"z":-1227.9398193359375},"rotation":{"x":0.014328183606266976,"y":0.9649350047111511,"z":-0.2564963400363922,"w":0.05389966443181038},"size":714.9592895507813,"orthographic":false}